Step,Temp,E_pair,TotEng,Press
0,10,-2370.4157,-2369.7552,1140.0966
100,6.0464502,-2369.3843,-2368.9849,-765.67211
200,34.790973,-2369.1772,-2366.8792,103.36063
300,33.299653,-2367.3967,-2365.1972,47.572767
400,51.872984,-2367.6395,-2364.2132,363.71008
500,63.683528,-2366.9741,-2362.7677,-818.45348
600,62.67576,-2365.6379,-2361.4981,659.12652
700,89.946581,-2365.6195,-2359.6784,184.03689
800,84.194948,-2363.1507,-2357.5895,-1285.4352
900,112.18818,-2364.9947,-2357.5844,1671.9323
1000,113.58335,-2363.7436,-2356.2412,-893.50561
1100,108.55237,-2360.9497,-2353.7796,-715.92322
1200,134.5733,-2362.2413,-2353.3525,2021.3061
1300,152.28086,-2361.9556,-2351.8971,-1976.8226
1400,129.71946,-2361.173,-2352.6048,635.66977
1500,158.63318,-2361.4869,-2351.0089,1458.9143
1600,157.90931,-2357.0695,-2346.6393,-2469.8578
1700,201.95645,-2358.8214,-2345.4818,1955.4162
1800,191.65646,-2360.7992,-2348.14,-87.784472
1900,193.28379,-2357.4207,-2344.6539,-1075.6901
2000,185.19869,-2357.0286,-2344.7959,1881.0237
2100,230.29929,-2354.7211,-2339.5093,-1221.826
2200,233.16143,-2356.2567,-2340.8559,-336.69757
2300,224.72168,-2357.2441,-2342.4008,2200.7008
2400,230.21028,-2352.5691,-2337.3633,-2725.1269
2500,276.72685,-2352.0447,-2333.7664,1375.2784
2600,266.07146,-2353.4803,-2335.9058,780.51333
2700,280.4758,-2355.5958,-2337.0699,-2179.9585
2800,288.90048,-2348.8318,-2329.7493,2386.4381
2900,302.42361,-2350.6776,-2330.702,-445.41169
3000,276.53537,-2350.0058,-2331.7401,-2168.532
3100,310.18253,-2350.1764,-2329.6883,4282.4535
3200,285.10048,-2347.8299,-2328.9985,-3825.1459
3300,360.57544,-2347.047,-2323.2303,395.77441
3400,337.51034,-2344.6263,-2322.3331,2580.9179
3500,389.31223,-2347.6332,-2321.9184,-4050.4825
3600,375.77986,-2348.7508,-2323.9298,2408.9831
3700,378.7418,-2342.4242,-2317.4076,244.28272
3800,397.86755,-2340.8193,-2314.5394,-1951.212
3900,378.20053,-2347.6325,-2322.6516,2343.9715
4000,420.51205,-2343.5858,-2315.8101,-1052.9344
4100,401.49073,-2344.0125,-2317.4933,282.07964
4200,436.98872,-2337.0103,-2308.1463,700.6378
4300,428.96728,-2344.3324,-2315.9983,157.54514
4400,449.87308,-2342.0494,-2312.3344,-462.9714
4500,393.77328,-2336.9021,-2310.8926,993.82944
4600,411.70773,-2339.1153,-2311.9212,-203.25212
4700,468.45385,-2332.6289,-2301.6866,-277.85455
4800,552.73159,-2341.6566,-2305.1476,201.13673
4900,537.52688,-2338.4506,-2302.9459,-888.66543
5000,440.04358,-2334.1478,-2305.0821,1558.1873
5100,556.09548,-2330.2657,-2293.5345,-582.44643
5200,509.54522,-2337.1367,-2303.4802,-1295.1245
5300,513.66726,-2335.367,-2301.4383,3130.2961
5400,492.81749,-2329.5224,-2296.9709,-2855.296
5500,577.33385,-2334.6769,-2296.5428,154.15035
5600,596.93673,-2332.1482,-2292.7194,3674.0846
5700,569.38123,-2328.4577,-2290.849,-5517.1836
5800,608.55037,-2333.3111,-2293.1151,4187.2347
5900,573.03018,-2331.1343,-2293.2845,684.75108
6000,604.68346,-2323.818,-2283.8775,-3536.1475
6100,598.3957,-2331.5026,-2291.9774,3420.0957
6200,643.92666,-2330.2535,-2287.7209,-1070.4756
6300,648.82945,-2326.1334,-2283.2769,-1987.6861
6400,666.95801,-2318.7796,-2274.7258,1716.4251
6500,696.68608,-2332.308,-2286.2905,-1156.579
6600,675.67538,-2324.8156,-2280.1859,520.99796
6700,625.36233,-2321.9371,-2280.6307,1914.1426
6800,671.3661,-2320.9383,-2276.5933,-2724.378
6900,742.10867,-2321.9025,-2272.8848,1624.5321
7000,708.1083,-2322.5961,-2275.8242,1395.2039
7100,669.93354,-2320.4581,-2276.2077,-6606.759
7200,726.67562,-2320.1213,-2272.123,8885.201
7300,726.00258,-2318.5826,-2270.6288,-3682.5142
7400,752.90177,-2319.8709,-2270.1403,-1996.519
7500,783.45526,-2321.5992,-2269.8504,4872.7594
7600,784.39094,-2316.7716,-2264.961,-5585.7189
7700,780.66357,-2313.0876,-2261.5233,2752.8533
7800,796.06585,-2314.7001,-2262.1184,1915.0039
7900,753.1293,-2320.1894,-2270.4437,-2986.2393
8000,848.89943,-2313.5009,-2257.4295,2014.5879
8100,828.67719,-2312.0511,-2257.3154,-1589.7336
8200,818.61211,-2309.8452,-2255.7743,145.51044
8300,806.07818,-2312.511,-2259.268,516.52057
8400,840.81688,-2315.3468,-2259.8092,-1703.2809
8500,868.8489,-2307.871,-2250.4819,1410.5675
8600,807.80484,-2309.4044,-2256.0473,-875.7026
8700,950.05171,-2303.0696,-2240.3169,-1268.0224
8800,900.05732,-2316.7895,-2257.339,1126.1802
8900,867.1556,-2305.9841,-2248.7068,1934.1991
9000,865.20993,-2303.6676,-2246.5189,-4392.2842
9100,885.5245,-2305.6644,-2247.1738,4351.0979
9200,946.38052,-2305.3094,-2242.7992,-600.32447
9300,985.41881,-2307.0634,-2241.9746,-5141.284
9400,916.51056,-2299.4676,-2238.9303,7146.3842
9500,973.26096,-2306.6829,-2242.3971,-3173.7886
9600,955.84431,-2301.3592,-2238.2239,266.1532
9700,959.00729,-2303.7358,-2240.3915,461.35861
9800,975.84806,-2305.0822,-2240.6256,-327.81918
9900,1014.4432,-2295.3122,-2228.3062,703.20578
10000,963.27813,-2297.9047,-2234.2783,210.47848
10100,1092.6052,-2299.3626,-2227.1939,217.99935
10200,968.71972,-2303.4241,-2239.4382,-1887.421
10300,1070.0251,-2293.2623,-2222.5851,2904.144
10400,1060.866,-2296.6051,-2226.5329,-2497.7592
10500,1085.6652,-2294.6082,-2222.8979,1401.356
10600,1060.0784,-2299.4915,-2229.4713,138.1856
10700,1119.2308,-2296.1304,-2222.203,-1470.8096
10800,1138.9384,-2293.323,-2218.0939,3090.1394
10900,1073.9536,-2287.8695,-2216.9328,-4499.7185
11000,1159.7646,-2294.8947,-2218.29,3156.206
11100,1073.0947,-2289.997,-2219.117,-740.2326
11200,1251.6952,-2296.7877,-2214.1109,-3404.7206
11300,1086.0924,-2282.7217,-2210.9832,4881.977
11400,1198.9966,-2285.5498,-2206.3538,-3401.0204
11500,1180.9919,-2295.4541,-2217.4473,-4046.5446
11600,1183.5052,-2290.3823,-2212.2095,7356.4987
11700,1192.7299,-2281.2489,-2202.4668,-6706.0261
11800,1244.07,-2283.8989,-2201.7256,1989.6353
11900,1239.6919,-2285.8527,-2203.9687,887.16047
12000,1208.1297,-2284.6717,-2204.8724,-3151.7414
12100,1244.4646,-2283.4108,-2201.2115,865.90301
12200,1249.4445,-2280.3394,-2197.8112,-2916.7397
12300,1233.6423,-2280.6196,-2199.1351,5778.3543
12400,1192.5315,-2280.638,-2201.869,175.20414
12500,1239.0498,-2284.686,-2202.8444,-5236.5158
12600,1250.8524,-2281.2539,-2198.6327,10940.35
12700,1283.2546,-2273.5168,-2188.7554,-5026.3313
12800,1274.415,-2282.7707,-2198.5931,68.95766
12900,1280.3101,-2281.8284,-2197.2614,2885.5107
13000,1253.033,-2273.4282,-2190.6629,-1227.7855
13100,1305.9996,-2276.4603,-2190.1965,1605.7492
13200,1399.1134,-2270.0599,-2177.6458,1247.738
13300,1288.2623,-2279.4788,-2194.3866,-4146.2834
13400,1361.6635,-2277.4743,-2187.5338,4001.4935
13500,1287.2092,-2269.4457,-2184.423,-4373.4511
13600,1309.1492,-2267.186,-2180.7141,-2527.6443
13700,1329.6097,-2269.7243,-2181.9011,7647.7478
13800,1391.4449,-2271.1429,-2179.2353,-4570.1003
13900,1326.2284,-2274.9478,-2187.3479,873.31227
14000,1485.7425,-2266.0181,-2167.882,2519.0855
14100,1413.0955,-2262.9684,-2169.6307,-1401.1431
14200,1488.6132,-2275.3307,-2177.0049,-1834.0692
14300,1435.3095,-2275.0941,-2180.2892,105.54922
14400,1468.7951,-2267.0497,-2170.033,-2239.961
14500,1475.3018,-2259.9538,-2162.5073,-1518.3961
14600,1410.971,-2266.3748,-2173.1775,4183.3697
14700,1524.5018,-2259.4703,-2158.774,-176.70871
14800,1409.7621,-2273.1643,-2180.0468,689.59308
14900,1534.1127,-2263.7115,-2162.3804,-5613.9211
15000,1479.2988,-2252.8714,-2155.1608,3751.9145
15100,1528.0019,-2264.7029,-2163.7755,-7047.8263
15200,1467.0845,-2257.6943,-2160.7905,4176.2545
15300,1552.7263,-2267.1389,-2164.5784,3918.9121
15400,1501.1148,-2252.2005,-2153.049,-6198.5241
15500,1606.7877,-2258.3717,-2152.2402,6168.1083
15600,1539.407,-2262.669,-2160.9881,3418.4547
15700,1644.7245,-2259.952,-2151.3147,-3972.1932
15800,1401.8312,-2255.3254,-2162.7318,1425.5138
15900,1631.5774,-2250.4709,-2142.702,-342.63229
16000,1603.8919,-2249.0878,-2143.1476,-3945.43
16100,1588.6277,-2264.3224,-2159.3905,11027.108
16200,1583.9801,-2257.0072,-2152.3822,-8141.5857
16300,1492.8945,-2248.6842,-2150.0757,4936.1718
16400,1707.3197,-2244.5252,-2131.7535,1598.3181
16500,1690.0164,-2247.8597,-2136.2308,-3542.7828
16600,1646.5469,-2259.8236,-2151.066,1188.0842
16700,1663.6124,-2246.7556,-2136.8708,2101.7565
16800,1619.4166,-2246.2089,-2139.2433,-4040.7009
16900,1692.7324,-2247.55,-2135.7417,2427.5844
17000,1798.1787,-2260.6553,-2141.8821,4258.2921
17100,1629.9545,-2251.6954,-2144.0338,-6092.9062
17200,1742.0954,-2247.6691,-2132.6003,6645.1438
17300,1678.4739,-2236.6493,-2125.7828,-2365.6757
17400,1706.9798,-2251.7335,-2138.9842,-2229.9075
17500,1803.4239,-2245.4714,-2126.3518,5538.6079
17600,1706.8472,-2245.5723,-2132.8317,-3563.4897
17700,1800.4415,-2240.5423,-2121.6196,4107.5355
17800,1772.4342,-2236.0112,-2118.9385,1757.4024
17900,1790.7689,-2244.083,-2125.7992,-5560.6672
18000,1777.3219,-2242.9204,-2125.5248,5515.9326
18100,1842.7007,-2245.2667,-2123.5528,-8929.4809
18200,1839.128,-2233.3116,-2111.8336,8383.9074
18300,1918.5285,-2236.471,-2109.7484,3347.3687
18400,1824.5293,-2242.5501,-2122.0364,-5088.5233
18500,1811.9699,-2245.3938,-2125.7097,2602.9439
18600,1920.8708,-2227.1078,-2100.2306,-5479.9668
18700,1923.0244,-2233.2524,-2106.233,4514.9438
18800,1799.717,-2230.7952,-2111.9204,6599.4631
18900,1854.5127,-2237.511,-2115.0168,365.09205
19000,1826.2777,-2229.905,-2109.2759,2356.788
19100,1784.6619,-2240.4431,-2122.5627,-2854.1963
19200,1921.8841,-2222.3819,-2095.4377,-3365.4666
19300,1977.2367,-2232.2172,-2101.6169,-1277.1876
19400,1847.3471,-2240.5745,-2118.5536,-3192.4199
19500,2033.3213,-2231.136,-2096.8312,-2914.0463
19600,1833.763,-2224.9269,-2103.8033,3835.7211
19700,2017.9385,-2226.0139,-2092.7252,-8468.5022
19800,1877.6573,-2231.3857,-2107.3628,5812.205
19900,1888.4989,-2237.9802,-2113.2412,2855.6188
20000,1922.0883,-2228.849,-2101.8914,-4694.8472
20100,2099.9894,-2209.8576,-2071.1492,3451.1722
20200,2155.495,-2232.7181,-2090.3435,-578.58246
20300,2069.2857,-2222.7536,-2086.0732,1018.27
20400,2006.8006,-2232.978,-2100.425,-13477.384
20500,2079.4142,-2212.9547,-2075.6054,3597.7065
20600,2150.5115,-2226.2385,-2084.1931,-3530.8064
20700,1992.5608,-2213.4323,-2081.8198,-8060.9638
20800,2113.6179,-2217.4865,-2077.878,543.30751
20900,2096.6568,-2232.7226,-2094.2343,5357.5656
21000,2156.5802,-2210.7284,-2068.2821,-11431.545
21100,2302.9061,-2207.3969,-2055.2855,3424.8968
21200,2228.2433,-2217.6645,-2070.4848,2054.9282
21300,2159.7343,-2233.7128,-2091.0581,732.30168
21400,2098.1396,-2218.1768,-2079.5906,-1110.7487
21500,2263.7838,-2206.0171,-2056.4898,902.69083
21600,2221.7146,-2216.8135,-2070.065,-6878.2492
21700,2203.8318,-2221.9064,-2076.339,7081.1148
21800,2157.5013,-2203.1845,-2060.6773,-3508.3866
21900,2161.176,-2221.0918,-2078.3419,6711.6742
22000,2272.2421,-2208.0353,-2057.9493,1515.3338
22100,2418.6148,-2206.6194,-2046.8652,-1489.1858
22200,2095.1788,-2218.3252,-2079.9346,582.86052
22300,2196.0403,-2203.3581,-2058.3054,-1341.2952
22400,2169.8572,-2209.7885,-2066.4652,-4234.5607
22500,2318.1477,-2214.3228,-2061.2047,5010.3125
22600,2231.7786,-2199.5618,-2052.1485,-2608.7551
22700,2310.0792,-2214.9391,-2062.3539,-2067.7167
22800,2272.8918,-2209.8812,-2059.7523,-3334.4005
22900,2327.0349,-2205.639,-2051.9338,-964.19501
23000,2380.4973,-2202.8749,-2045.6385,5822.5775
23100,2302.0871,-2207.4977,-2055.4404,373.21098
23200,2334.6796,-2208.5671,-2054.357,-3604.368
23300,2318.0909,-2196.2537,-2043.1393,710.21757
23400,2357.2086,-2205.0762,-2049.378,-2865.1371
23500,2267.4525,-2197.0554,-2047.2858,1320.2358
23600,2312.78,-2201.7389,-2048.9754,5013.3492
23700,2378.6779,-2196.4148,-2039.2985,-1403.34
23800,2249.3654,-2217.2328,-2068.6579,465.14885
23900,2397.7785,-2194.1087,-2035.7308,-4174.6048
24000,2419.3421,-2204.6886,-2044.8864,-6065.3918
24100,2442.912,-2204.0566,-2042.6976,7396.4544
24200,2676.8739,-2195.6334,-2018.8207,3889.4129
24300,2412.467,-2191.5582,-2032.2101,-8436.1322
24400,2412.5108,-2202.5969,-2043.2458,5071.8134
24500,2374.4787,-2196.0387,-2039.1998,1516.7547
24600,2501.5453,-2190.2575,-2025.0256,-5893.4883
24700,2402.0949,-2188.2895,-2029.6265,6102.4737
24800,2523.1418,-2197.1482,-2030.4898,-4842.086
24900,2417.8722,-2195.8193,-2036.1142,6756.4811
25000,2467.2697,-2194.9065,-2031.9386,7576.2586
25100,2489.5068,-2187.2511,-2022.8143,-3872.7538
25200,2541.1307,-2190.8163,-2022.9697,-2439.7874
25300,2567.384,-2190.6924,-2021.1117,-7693.7636
25400,2548.0117,-2187.6908,-2019.3897,-2399.3417
25500,2479.0413,-2191.6642,-2027.9187,13558.967
25600,2716.6947,-2189.3381,-2009.8952,2908.6693
25700,2583.7082,-2190.5111,-2019.8522,-64.89896
25800,2675.2269,-2191.8689,-2015.165,-5056.6623
25900,2530.6792,-2179.4107,-2012.2544,972.92266
26000,2441.8523,-2185.8441,-2024.555,-1559.536
26100,2712.5799,-2190.1611,-2010.9899,-8564.0002
26200,2477.0163,-2183.7178,-2020.1061,-2210.797
26300,2550.8272,-2203.5486,-2035.0615,-6194.6223
26400,2715.2067,-2182.5176,-2003.1729,-121.97586
26500,2731.8752,-2171.0591,-1990.6135,133.06092
26600,2713.3971,-2185.5897,-2006.3646,10131.206
26700,2708.5384,-2183.3773,-2004.4731,-5607.1159
26800,2708.1277,-2175.7224,-1996.8453,-1841.8314
26900,2602.0431,-2197.607,-2025.737,1575.317
27000,2633.1031,-2162.5758,-1988.6543,-6547.417
27100,2715.8144,-2182.8714,-2003.4866,1441.0353
27200,2698.4657,-2195.1886,-2016.9497,-499.69928
27300,2837.5406,-2166.1089,-1978.6839,-5330.8557
27400,2626.0533,-2177.4357,-2003.9798,2659.9236
27500,2806.9888,-2169.9062,-1984.4992,-1961.2451
27600,2963.4724,-2162.9798,-1967.2367,15657.461
27700,2838.4326,-2180.7098,-1993.2258,2219.2124
27800,2680.6887,-2172.3456,-1995.2809,-10551.833
27900,2673.6534,-2168.6754,-1992.0754,-6631.7754
28000,2836.5203,-2167.9735,-1980.6159,-10583.625
28100,2992.2037,-2166.7257,-1969.0849,9114.9178
28200,2915.5786,-2157.6001,-1965.0205,-3286.9637
28300,2810.4873,-2172.2283,-1986.5902,7335.3615
28400,2832.0136,-2142.1968,-1955.1369,-287.15863
28500,2806.2267,-2158.606,-1973.2493,-7025.8771
28600,2851.4852,-2166.1244,-1977.7783,-2735.7273
28700,2824.7022,-2163.8286,-1977.2515,2951.1249
28800,2737.2122,-2152.5893,-1971.7912,-4233.0961
28900,3086.8059,-2139.9555,-1936.066,5557.7583
29000,3082.3533,-2154.721,-1951.1256,11088.971
29100,2935.3667,-2165.7824,-1971.8958,-11289.748
29200,2830.801,-2156.0996,-1969.1197,-2120.7648
29300,3242.0231,-2157.4355,-1943.2936,-914.40201
29400,2883.4172,-2174.3594,-1983.9041,10711.096
29500,3025.6613,-2145.3466,-1945.4959,2011.3871
29600,2955.981,-2149.667,-1954.4187,-5506.6506
29700,2939.9218,-2166.5727,-1972.3851,841.73759
29800,3059.8005,-2159.3106,-1957.2049,6924.7651
29900,2805.2053,-2155.4433,-1970.154,1131.7851
30000,3192.6309,-2142.306,-1931.4266,-7502.6387
30100,2900.4954,-2136.2017,-1944.6183,-11507.619
30200,3249.6438,-2141.9563,-1927.3111,3077.7661
30300,2800.5997,-2151.0414,-1966.0564,7893.2582
30400,2960.4186,-2127.8783,-1932.3369,-17829.341
30500,3021.7502,-2138.1391,-1938.5467,3343.9533
30600,2935.7159,-2144.3077,-1950.3979,2407.8145
30700,3314.691,-2141.079,-1922.1373,-3748.099
30800,3047.9481,-2150.892,-1949.5691,-2597.7928
30900,3108.8105,-2157.2004,-1951.8575,-658.63311
31000,3087.9256,-2140.6453,-1936.6819,8648.7397
31100,3059.4807,-2136.2046,-1934.12,3836.0017
31200,3050.1268,-2135.4005,-1933.9337,-10227.788
31300,3091.1321,-2131.7186,-1927.5433,-5903.1543
31400,3169.3398,-2121.6157,-1912.2747,12350.746
31500,3166.3052,-2152.8236,-1943.683,-2055.1792
31600,3118.9519,-2136.8339,-1930.8211,1962.6148
31700,3247.5476,-2123.2126,-1908.7058,5938.8432
31800,3152.0516,-2124.9426,-1916.7435,4797.4833
31900,3093.816,-2135.236,-1930.8835,-8694.8968
32000,2959.9293,-2126.439,-1930.9299,7166.158
32100,3451.1347,-2131.7536,-1903.7995,5010.0119
32200,3335.4331,-2132.4706,-1912.1587,46.15369
32300,3168.3575,-2112.3527,-1903.0765,-2311.866
32400,3166.7664,-2131.4791,-1922.308,-2243.6705
32500,3411.5075,-2121.8923,-1896.5557,338.1185
32600,3360.4111,-2130.0888,-1908.1271,7469.4364
32700,3447.9265,-2143.945,-1916.2028,-2210.4888
32800,3331.4615,-2129.6969,-1909.6474,2647.1613
32900,3362.7852,-2142.7073,-1920.5888,1160.8863
33000,3236.2868,-2125.1199,-1911.3569,10366.463
33100,3242.7459,-2118.7291,-1904.5394,2820.9514
33200,3402.3703,-2121.8077,-1897.0746,-4130.1409
33300,3226.9125,-2130.0976,-1916.9538,-115.96892
33400,3294.7311,-2114.8501,-1897.2268,-5857.2385
33500,3285.3355,-2110.0395,-1893.0367,2667.7902
33600,3466.6305,-2132.7687,-1903.791,3533.3385
33700,3310.7814,-2117.0526,-1898.3691,302.75122
33800,3548.0713,-2105.1234,-1870.7664,-2183.5737
33900,3402.0407,-2118.075,-1893.3636,3922.0562
34000,3445.4603,-2113.2049,-1885.6256,7892.4269
34100,3449.7222,-2108.6974,-1880.8366,-534.08127
34200,3389.8223,-2098.8417,-1874.9374,-9311.2693
34300,3246.149,-2093.1035,-1878.689,-20292.97
34400,3339.48,-2117.6421,-1897.063,-3364.0164
34500,3618.1194,-2110.2908,-1871.307,503.01042
34600,3438.9068,-2097.4439,-1870.2974,3889.8041
34700,3471.9359,-2106.3227,-1876.9947,-6117.293
34800,3548.5658,-2087.7295,-1853.3399,7255.6443
34900,3621.4178,-2087.3927,-1848.1911,5592.2618
35000,3455.8412,-2084.6466,-1856.3816,-5055.8055
35100,3595.1155,-2097.3123,-1859.8479,1987.2532
35200,3344.2195,-2092.1996,-1871.3074,4419.2595
35300,3439.0752,-2089.4618,-1862.3043,-2331.6838
35400,3607.373,-2089.5574,-1851.2834,4255.3825
35500,3444.6072,-2092.6738,-1865.1508,5382.0969
35600,3550.4247,-2098.6002,-1864.0878,5608.7329
35700,3855.7317,-2101.6205,-1846.9419,7214.6833
35800,3623.2967,-2080.9569,-1841.6312,9301.319
35900,3621.6141,-2072.3561,-1833.1415,12808.446
36000,3928.1968,-2079.9169,-1820.4519,2425.9406
36100,3624.4485,-2060.4979,-1821.096,3879.5996
36200,3396.9914,-2050.1744,-1825.7965,-11306.28
36300,3689.9768,-2077.2194,-1833.4893,-13840.416
36400,3520.4885,-2054.2563,-1821.7213,-6281.144
36500,3709.1737,-2044.1613,-1799.1632,6676.9687
36600,3821.0788,-2029.0932,-1776.7036,-8195.7511
36700,3555.9175,-2041.3864,-1806.5112,-10560.049
36800,3476.9497,-2025.0263,-1795.367,969.07599
36900,3452.2654,-2026.93,-1798.9012,-171.11197
37000,3643.246,-2028.6054,-1787.9619,-960.57816
37100,3832.8197,-2009.4987,-1756.3336,4431.0435
37200,3443.6716,-1993.0794,-1765.6182,-109.4003
37300,3595.4902,-1992.7742,-1755.2851,-6153.6509
37400,3707.8909,-1979.52,-1734.6066,-18891.931
37500,3723.0954,-1959.8438,-1713.9262,-6261.6261
37600,3881.4267,-1959.07,-1702.6942,16752.609
37700,3716.7255,-1955.428,-1709.931,-67.111433
37800,3722.2271,-1938.532,-1692.6717,4016.6583
37900,3850.085,-1934.1561,-1679.8506,-3829.3337
38000,3599.4045,-1920.244,-1682.4964,-9999.9134
38100,4047.4364,-1922.2873,-1654.9463,-3263.3028
38200,3577.1505,-1905.1124,-1668.8347,1008.3447
38300,4178.2152,-1896.1182,-1620.139,5057.7958
38400,3837.8464,-1885.342,-1631.8448,10775.694
38500,4024.5684,-1887.9517,-1622.1212,2765.3983
38600,3923.7818,-1886.7799,-1627.6066,8842.3636
38700,3745.5293,-1870.1313,-1622.7319,-4374.5697
38800,3858.8276,-1850.304,-1595.421,-10972.015
38900,3851.1755,-1854.8228,-1600.4452,6764.1804
39000,3779.3813,-1843.0698,-1593.4344,-12926.151
39100,3912.5781,-1870.3392,-1611.9059,-2665.3663
39200,3812.3209,-1854.8467,-1603.0356,-2881.7331
39300,3816.3991,-1853.4483,-1601.3678,-20442.889
39400,3879.2162,-1862.4278,-1606.1981,5068.883
39500,3867.6952,-1846.5225,-1591.0538,-1085.0677
39600,3849.9232,-1834.8734,-1580.5785,-6615.6701
39700,4010.9305,-1833.8628,-1568.9331,5551.5891
39800,3816.948,-1845.143,-1593.0262,3171.0234
39900,3837.5959,-1849.5571,-1596.0764,3769.684
40000,4030.032,-1839.6127,-1573.4213,1568.9316
40100,4284.4958,-1832.8905,-1549.8913,3373.7685
40200,4201.8739,-1821.5539,-1544.012,-7274.2065
40300,4114.6285,-1813.408,-1541.6288,13868.422
40400,4119.8771,-1833.7763,-1561.6504,13341.704
40500,4231.5946,-1848.7255,-1569.2205,-14097.757
40600,4231.5031,-1835.9296,-1556.4307,2439.5217
40700,4125.9297,-1825.7147,-1553.1891,-16726.69
40800,4151.7041,-1825.4549,-1551.2268,-1297.5568
40900,3846.9787,-1844.3431,-1590.2427,-19031.088
41000,3913.8332,-1825.0812,-1566.5649,-5258.1121
41100,4216.1303,-1829.019,-1550.5354,-9617.0284
41200,4244.2792,-1826.1379,-1545.7951,-9785.8377
41300,4189.9055,-1829.8174,-1553.066,18024.301
41400,4019.224,-1829.3062,-1563.8287,805.79713
41500,4196.8012,-1835.1606,-1557.9538,-3645.4963
41600,3887.1353,-1840.1668,-1583.414,-17636.478
41700,4239.4176,-1824.2576,-1544.2359,-11568.959
41800,4222.509,-1829.9489,-1551.044,3641.2366
41900,4228.8016,-1829.4933,-1550.1728,518.50368
42000,4257.2565,-1805.8135,-1524.6135,-6625.1149
42100,4153.8905,-1807.8981,-1533.5256,2086.466
42200,4029.8453,-1799.1241,-1532.945,17804.522
42300,4190.8685,-1795.136,-1518.321,2369.4233
42400,4222.3674,-1815.9111,-1537.0155,-11163.82
42500,4115.1458,-1811.1591,-1539.3458,10695.063
42600,4218.6119,-1826.5895,-1547.942,-4002.1708
42700,4488.3232,-1825.2745,-1528.812,7615.9257
42800,4240.4247,-1804.6362,-1524.5479,3117.2851
42900,4230.7947,-1802.6314,-1523.1792,-13383.675
43000,4199.334,-1807.735,-1530.3609,-15168.358
43100,4318.5752,-1818.9601,-1533.7099,3200.3048
43200,4118.79,-1811.2171,-1539.1631,2066.1401
43300,4207.8579,-1810.6872,-1532.75,4680.6492
43400,4890.9096,-1811.1023,-1488.0483,4033.0171
43500,4096.6439,-1790.859,-1520.2678,10993.595
43600,4495.5299,-1796.5567,-1499.6183,0.12277295
43700,4546.051,-1787.8393,-1487.5638,14468.292
43800,4262.859,-1790.7217,-1509.1516,18829.484
43900,4292.3378,-1793.6001,-1510.0829,1708.8587
44000,4334.1115,-1803.4253,-1517.1489,-2486.9716
44100,4531.5232,-1789.9711,-1490.6552,17032.775
44200,4622.1399,-1789.3659,-1484.0646,-5757.7746
44300,4682.9039,-1794.0016,-1484.6867,3108.43
44400,4539.4084,-1784.6425,-1484.8058,-5804.2395
44500,4686.7034,-1798.3008,-1488.735,-7690.8583
44600,4517.9962,-1793.2578,-1494.8354,7329.1565
44700,4313.4173,-1784.831,-1499.9214,-7806.4363
44800,4317.6605,-1787.1167,-1501.9269,-6402.2433
44900,4465.1072,-1791.1079,-1496.1789,-175.70908
45000,4578.4322,-1789.7835,-1487.3692,3311.1057
45100,4540.9624,-1771.7914,-1471.852,-13829.188
45200,4357.2902,-1775.9197,-1488.1123,-14105.056
45300,4507.7748,-1796.401,-1498.6538,5797.1182
45400,4352.5388,-1799.3217,-1511.8281,23025.614
45500,4793.7527,-1795.3969,-1478.7602,-1955.3621
45600,4672.5938,-1790.5617,-1481.9279,-8934.904
45700,4622.8177,-1784.4963,-1479.1502,-9632.5409
45800,4713.8856,-1782.3708,-1471.0096,3699.1725
45900,4772.931,-1799.1952,-1483.9339,7676.8353
46000,4607.0475,-1768.5044,-1464.2,11853.959
46100,4491.7809,-1782.0585,-1485.3676,1839.5034
46200,4429.4481,-1788.8683,-1496.2947,599.09843
46300,4543.5348,-1788.5861,-1488.4769,12761.267
46400,4621.7637,-1777.9927,-1472.7162,-14804.857
46500,4596.1092,-1776.4483,-1472.8664,-4175.333
46600,4835.822,-1760.6754,-1441.26,4061.0881
46700,4665.3277,-1766.2396,-1458.0857,12022.152
46800,4504.7592,-1761.2343,-1463.6863,-7842.9424
46900,4747.8365,-1756.2151,-1442.6113,8688.1502
47000,4657.6174,-1758.1524,-1450.5078,14243.168
47100,4766.7821,-1759.9479,-1445.0928,3549.9302
47200,4802.8011,-1764.1794,-1446.9451,2997.0036
47300,4731.5538,-1777.5061,-1464.9778,23219.436
47400,4685.5402,-1766.3435,-1456.8545,-9883.8837
47500,4782.0121,-1753.4563,-1437.5951,13459.45
47600,4494.5655,-1742.9198,-1446.045,6564.5918
47700,4486.5208,-1767.1337,-1470.7904,-3496.4673
47800,4843.7125,-1775.2008,-1455.2642,-9086.3543
47900,4595.0122,-1760.7679,-1457.2584,137.09895
48000,4660.4489,-1747.5955,-1439.7639,-11982.474
48100,4689.8981,-1762.9035,-1453.1266,-3401.5539
48200,4400.2124,-1743.2014,-1452.5588,9265.3365
48300,4472.7339,-1747.6963,-1452.2636,-8744.6411
48400,4641.1088,-1769.8378,-1463.2836,-9374.133
48500,4764.064,-1759.5062,-1444.8305,-2060.3223
48600,4821.6039,-1763.1215,-1444.6452,-7600.7194
48700,4749.9603,-1744.9803,-1431.2362,-5945.2
48800,4725.0324,-1766.8069,-1454.7093,8858.7039
48900,4791.8684,-1761.3658,-1444.8537,-14111.389
49000,4877.2987,-1760.5471,-1438.3921,-14149.854
49100,5028.7053,-1748.1644,-1416.0087,-9015.5025
49200,5142.7505,-1770.3248,-1430.6362,1044.1982
49300,4772.7594,-1744.1768,-1428.9268,-14275.437
49400,4547.0822,-1756.4038,-1456.0602,3135.5036
49500,5023.197,-1726.2962,-1394.5043,-677.72325
49600,4930.2281,-1740.365,-1414.7139,-8451.7044
49700,4842.3585,-1750.4911,-1430.644,10177.238
49800,4933.1324,-1744.9105,-1419.0676,18534.145
49900,4887.5853,-1758.637,-1435.8025,13025.031
50000,4896.9646,-1748.7333,-1425.2794,15383.288
